claim_object,claim_status,issue_type,object_part,severity,valid_image,evidence_standard_met,_synthetic_tag
car,supported,broken_part,side_mirror,medium,true,true,GAN_GENERATED
car,supported,broken_part,side_mirror,medium,true,true,GAN_GENERATED
car,supported,dent,rear_bumper,medium,true,true,GAN_GENERATED
car,supported,broken_part,side_mirror,medium,true,true,GAN_GENERATED
car,supported,broken_part,side_mirror,medium,true,true,GAN_GENERATED
car,supported,broken_part,side_mirror,medium,true,true,GAN_GENERATED
car,supported,broken_part,side_mirror,medium,true,true,GAN_GENERATED
car,supported,dent,rear_bumper,medium,true,true,GAN_GENERATED
car,supported,broken_part,side_mirror,medium,true,true,GAN_GENERATED
car,supported,broken_part,side_mirror,medium,true,true,GAN_GENERATED
car,supported,dent,rear_bumper,medium,true,true,GAN_GENERATED
car,supported,broken_part,side_mirror,medium,true,true,GAN_GENERATED
car,supported,broken_part,side_mirror,medium,true,true,GAN_GENERATED
car,supported,broken_part,side_mirror,medium,true,true,GAN_GENERATED
car,supported,broken_part,side_mirror,medium,true,true,GAN_GENERATED
car,supported,broken_part,side_mirror,medium,true,true,GAN_GENERATED
car,supported,broken_part,side_mirror,medium,true,true,GAN_GENERATED
car,supported,broken_part,side_mirror,medium,true,true,GAN_GENERATED
car,supported,broken_part,side_mirror,medium,true,true,GAN_GENERATED
car,supported,dent,rear_bumper,medium,true,true,GAN_GENERATED
car,supported,broken_part,side_mirror,medium,true,true,GAN_GENERATED
car,supported,broken_part,side_mirror,medium,true,true,GAN_GENERATED
car,supported,broken_part,side_mirror,medium,true,true,GAN_GENERATED
car,supported,dent,rear_bumper,medium,true,true,GAN_GENERATED
car,supported,broken_part,side_mirror,medium,true,true,GAN_GENERATED
car,supported,dent,rear_bumper,medium,true,true,GAN_GENERATED
car,supported,broken_part,side_mirror,medium,true,true,GAN_GENERATED
car,supported,dent,rear_bumper,medium,true,true,GAN_GENERATED
car,supported,broken_part,side_mirror,medium,true,true,GAN_GENERATED
car,supported,broken_part,side_mirror,medium,true,true,GAN_GENERATED
car,supported,broken_part,side_mirror,medium,true,true,GAN_GENERATED
car,supported,dent,rear_bumper,medium,true,true,GAN_GENERATED
car,supported,dent,rear_bumper,medium,true,true,GAN_GENERATED
car,supported,dent,rear_bumper,medium,true,true,GAN_GENERATED
car,supported,broken_part,side_mirror,medium,true,true,GAN_GENERATED
car,supported,broken_part,side_mirror,medium,true,true,GAN_GENERATED
car,supported,broken_part,side_mirror,medium,true,true,GAN_GENERATED
car,supported,broken_part,side_mirror,medium,true,true,GAN_GENERATED
car,supported,broken_part,side_mirror,medium,true,true,GAN_GENERATED
car,supported,broken_part,side_mirror,medium,true,true,GAN_GENERATED
car,supported,dent,rear_bumper,medium,true,true,GAN_GENERATED
car,supported,broken_part,side_mirror,medium,true,true,GAN_GENERATED
car,supported,dent,rear_bumper,medium,true,true,GAN_GENERATED
car,supported,dent,rear_bumper,medium,true,true,GAN_GENERATED
car,supported,broken_part,side_mirror,medium,true,true,GAN_GENERATED
car,supported,broken_part,side_mirror,medium,true,true,GAN_GENERATED
car,supported,broken_part,side_mirror,medium,true,true,GAN_GENERATED
car,supported,broken_part,side_mirror,medium,true,true,GAN_GENERATED
car,supported,dent,rear_bumper,medium,true,true,GAN_GENERATED
car,supported,broken_part,side_mirror,medium,true,true,GAN_GENERATED
